Workbook

Sheet Checklist
A1: ID | B1: Category | C1: Criterion | D1: Description | E1: Must-Have | F1: Weight | G1: Category Weight | H1: Criterion Weight | I1: Effective Weight | J1: Evidence/Notes | K1: Data Source | L1: Reviewer | M1: Date | N1: Score - Vendor A | O1: Score - Vendor B | P1: Score - Vendor C | Q1: Weighted Points - Vendor A | R1: Weighted Points - Vendor B | S1: Weighted Points - Vendor C
A2: C01 | B2: Technical Capabilities | C2: Modality support | D2: High-quality inline, chat, and agent modes; seamless switching. | F2: 1 | G2: 1 | H2: 1 | I2: =G2*H2 | Q2: =IFERROR(I2*N2,0) | R2: =IFERROR(I2*O2,0) | S2: =IFERROR(I2*P2,0) | E2: Yes | N2: 4 | O2: 4 | P2: 4
A3: C02 | B3: Technical Capabilities | C3: Model support | D3: Multi-model routing (speed/reasoning/long-context), clear updates, BYOM/on-prem options. | F3: 1 | G3: 1 | H3: 1 | I3: =G3*H3 | Q3: =IFERROR(I3*N3,0) | R3: =IFERROR(I3*O3,0) | S3: =IFERROR(I3*P3,0) | E3: No | N3: 4 | O3: 4 | P3: 4
A4: C03 | B4: Technical Capabilities | C4: Prompt / instruction customization | D4: Org/repo/system prompts; policy prompts; redaction rules and stop-lists. | F4: 1 | G4: 1 | H4: 1 | I4: =G4*H4 | Q4: =IFERROR(I4*N4,0) | R4: =IFERROR(I4*O4,0) | S4: =IFERROR(I4*P4,0) | E4: No | N4: 4 | O4: 4 | P4: 4
A5: C04 | B5: Technical Capabilities | C5: Context awareness & intelligence | D5: Repo-aware context across monorepos; code-graph retrieval; cross-file understanding. | F5: 1 | G5: 1 | H5: 1 | I5: =G5*H5 | Q5: =IFERROR(I5*N5,0) | R5: =IFERROR(I5*O5,0) | S5: =IFERROR(I5*P5,0) | E5: No | N5: 4 | O5: 4 | P5: 4
A6: C05 | B6: Technical Capabilities | C6: Agentic actions with guardrails | D6: Plan/execute refactors, test generation, migrations with dry-run/PR-only and approvals. | F6: 1 | G6: 1 | H6: 1 | I6: =G6*H6 | Q6: =IFERROR(I6*N6,0) | R6: =IFERROR(I6*O6,0) | S6: =IFERROR(I6*P6,0) | E6: No | N6: 4 | O6: 4 | P6: 4
A7: C06 | B7: Technical Capabilities | C7: Latency & reliability | D7: Sub-200ms inline suggestions; stable chat; offline/air-gapped options; published SLOs. | F7: 1 | G7: 1 | H7: 1 | I7: =G7*H7 | Q7: =IFERROR(I7*N7,0) | R7: =IFERROR(I7*O7,0) | S7: =IFERROR(I7*P7,0) | E7: No | N7: 4 | O7: 4 | P7: 4
A8: C07 | B8: Code Quality & Safety | C8: Accuracy & relevance | D8: Demonstrated correctness on representative tasks and stacks. | F8: 1 | G8: 1 | H8: 1 | I8: =G8*H8 | Q8: =IFERROR(I8*N8,0) | R8: =IFERROR(I8*O8,0) | S8: =IFERROR(I8*P8,0) | E8: No | N8: 4 | O8: 4 | P8: 4
A9: C08 | B9: Code Quality & Safety | C9: Security practices | D9: Secret-leak prevention; vulnerability hints; OWASP alignment; license/OSS policy awareness. | F9: 1 | G9: 1 | H9: 1 | I9: =G9*H9 | Q9: =IFERROR(I9*N9,0) | R9: =IFERROR(I9*O9,0) | S9: =IFERROR(I9*P9,0) | E9: Yes | N9: 4 | O9: 4 | P9: 4
A10: C09 | B10: Code Quality & Safety | C10: Code augmentation with your codebase | D10: Produces idiomatic diffs; respects conventions and patterns. | F10: 1 | G10: 1 | H10: 1 | I10: =G10*H10 | Q10: =IFERROR(I10*N10,0) | R10: =IFERROR(I10*O10,0) | S10: =IFERROR(I10*P10,0) | E10: No | N10: 4 | O10: 4 | P10: 4
A11: C10 | B11: Code Quality & Safety | C11: Testability & correctness | D11: Run unit tests on proposed changes; regenerate on failure; supports snapshot/approval tests. | F11: 1 | G11: 1 | H11: 1 | I11: =G11*H11 | Q11: =IFERROR(I11*N11,0) | R11: =IFERROR(I11*O11,0) | S11: =IFERROR(I11*P11,0) | E11: No | N11: 4 | O11: 4 | P11: 4
A12: C11 | B12: Code Quality & Safety | C12: Maintainability checks | D12: Complexity deltas, dependency hygiene, style compliance; minimal diffs. | F12: 1 | G12: 1 | H12: 1 | I12: =G12*H12 | Q12: =IFERROR(I12*N12,0) | R12: =IFERROR(I12*O12,0) | S12: =IFERROR(I12*P12,0) | E12: No | N12: 4 | O12: 4 | P12: 4
A13: C12 | B13: Code Quality & Safety | C13: Provenance & attribution | D13: Flags AI-generated diffs; trace prompts/models/actions for audits. | F13: 1 | G13: 1 | H13: 1 | I13: =G13*H13 | Q13: =IFERROR(I13*N13,0) | R13: =IFERROR(I13*O13,0) | S13: =IFERROR(I13*P13,0) | E13: No | N13: 4 | O13: 4 | P13: 4
... A41: C40 | B41: Innovation Readiness (2026) | C41: Continuous adaptation & feedback loops | D41: Learns from accepted/rejected edits and improves over time. | F41: 1 | G41: 1 | H41: 1 | I41: =G41*H41 | Q41: =IFERROR(I41*N41,0) | R41: =IFERROR(I41*O41,0) | S41: =IFERROR(I41*P41,0) | E41: No | N41: 5 | O41: 3 | P41: 4

Sheet Rubric
A1: Field | B1: Definition
A2: Score scale 0-5 | B2: Use integers 0-5 for each criterion per vendor
A3: 0 | B3: No capability / not applicable
A4: 1 | B4: Initial / experimental capability
A5: 2 | B5: Basic capability; gaps for production use
A6: 3 | B6: Good capability; meets most needs
A7: 4 | B7: Strong capability; minor gaps only
A8: 5 | B8: Best-in-class / exceeds needs
A9: Must-have pass threshold | B9: Minimum score a must-have must meet
A10: Default must-have threshold | B10: 3
A11: Category Weight | B11: Relative importance of a category; repeated on checklist rows
A12: Criterion Weight | B12: Relative importance of criterion within category
A13: Effective Weight | B13: Calculated as Category Weight x Criterion Weight

Sheet Rollup
A1: Vendor | B1: Total Effective Weight (auto) | C1: Weighted Score (auto) | D1: Normalized Score % (auto) | E1: Must-Have Pass? (auto) | G1: Category | H1: Vendor A Weighted | I1: Vendor B Weighted | J1: Vendor C Weighted | K1: Max Points
A2: Vendor A | B2: =SUM(Checklist!I2:I41) | C2: =SUM(Checklist!Q2:Q41) | D2: =IFERROR(C2/(B2*5)*100,0) | E2: =IF(COUNTIFS(Checklist!E2:E41,"Yes",Checklist!N2:N41,"<"&Rubric!B10)>0,"FAIL","PASS") | G2: Technical Capabilities | H2: =SUMIFS(Checklist!Q$2:Q$41,Checklist!B$2:B$41,$G2) | I2: =SUMIFS(Checklist!R$2:R$41,Checklist!B$2:B$41,$G2) | J2: =SUMIFS(Checklist!S$2:S$41,Checklist!B$2:B$41,$G2) | K2: =SUMIFS(Checklist!I$2:I$41,Checklist!B$2:B$41,$G2)*5
A3: Vendor B | B3: =SUM(Checklist!I2:I41) | C3: =SUM(Checklist!R2:R41) | D3: =IFERROR(C3/(B3*5)*100,0) | E3: =IF(COUNTIFS(Checklist!E2:E41,"Yes",Checklist!O2:O41,"<"&Rubric!B10)>0,"FAIL","PASS") | G3: Code Quality & Safety | H3: =SUMIFS(Checklist!Q$2:Q$41,Checklist!B$2:B$41,$G3) | I3: =SUMIFS(Checklist!R$2:R$41,Checklist!B$2:B$41,$G3) | J3: =SUMIFS(Checklist!S$2:S$41,Checklist!B$2:B$41,$G3) | K3: =SUMIFS(Checklist!I$2:I$41,Checklist!B$2:B$41,$G3)*5
A4: Vendor C | B4: =SUM(Checklist!I2:I41) | C4: =SUM(Checklist!S2:S41) | D4: =IFERROR(C4/(B4*5)*100,0) | E4: =IF(COUNTIFS(Checklist!E2:E41,"Yes",Checklist!P2:P41,"<"&Rubric!B10)>0,"FAIL","PASS") | G4: Integration & Workflow | H4: =SUMIFS(Checklist!Q$2:Q$41,Checklist!B$2:B$41,$G4) | I4: =SUMIFS(Checklist!R$2:R$41,Checklist!B$2:B$41,$G4) | J4: =SUMIFS(Checklist!S$2:S$41,Checklist!B$2:B$41,$G4) | K4: =SUMIFS(Checklist!I$2:I$41,Checklist!B$2:B$41,$G4)*5
G5: Measurement & Value | H5: =SUMIFS(Checklist!Q$2:Q$41,Checklist!B$2:B$41,$G5) | I5: =SUMIFS(Checklist!R$2:R$41,Checklist!B$2:B$41,$G5) | J5: =SUMIFS(Checklist!S$2:S$41,Checklist!B$2:B$41,$G5) | K5: =SUMIFS(Checklist!I$2:I$41,Checklist!B$2:B$41,$G5)*5
G6: Enterprise Readiness & Governance | H6: =SUMIFS(Checklist!Q$2:Q$41,Checklist!B$2:B$41,$G6) | I6: =SUMIFS(Checklist!R$2:R$41,Checklist!B$2:B$41,$G6) | J6: =SUMIFS(Checklist!S$2:S$41,Checklist!B$2:B$41,$G6) | K6: =SUMIFS(Checklist!I$2:I$41,Checklist!B$2:B$41,$G6)*5
G7: Cost & Capacity Planning | H7: =SUMIFS(Checklist!Q$2:Q$41,Checklist!B$2:B$41,$G7) | I7: =SUMIFS(Checklist!R$2:R$41,Checklist!B$2:B$41,$G7) | J7: =SUMIFS(Checklist!S$2:S$41,Checklist!B$2:B$41,$G7) | K7: =SUMIFS(Checklist!I$2:I$41,Checklist!B$2:B$41,$G7)*5
G8: Adoption & Change Management | H8: =SUMIFS(Checklist!Q$2:Q$41,Checklist!B$2:B$41,$G8) | I8: =SUMIFS(Checklist!R$2:R$41,Checklist!B$2:B$41,$G8) | J8: =SUMIFS(Checklist!S$2:S$41,Checklist!B$2:B$41,$G8) | K8: =SUMIFS(Checklist!I$2:I$41,Checklist!B$2:B$41,$G8)*5
G9: Innovation Readiness (2026) | H9: =SUMIFS(Checklist!Q$2:Q$41,Checklist!B$2:B$41,$G9) | I9: =SUMIFS(Checklist!R$2:R$41,Checklist!B$2:B$41,$G9) | J9: =SUMIFS(Checklist!S$2:S$41,Checklist!B$2:B$41,$G9) | K9: =SUMIFS(Checklist!I$2:I$41,Checklist!B$2:B$41,$G9)*5

Sheet Instructions
A1: Instruction
A2: Fill Must-Have as Yes/No, set Weight, Category Weight, and Criterion Weight (>0).
A3: Effective Weight is calculated automatically as Category Weight x Criterion Weight.
A4: Enter 0-5 in score columns (N:P) for each vendor.
A5: Use Evidence/Notes, Data Source, Reviewer, and Date for traceability.
A6: Review Rubric for score definitions and set must-have threshold in Rubric!B10.
A7: See Rollup for weighted totals, normalized score, must-have status, and category breakdown.
A8: You can rename vendors directly in Rollup sheet cells A2:A4.
A9: Last synchronized with workbook schema version: v2026.1.
A10: Scoring example loaded: A should rank highest; B should pass with lower score; C should FAIL must-have (C22).
